<?xml version='1.0' encoding='UTF-8'?>
<shortcuts>
	<shortcut>
		<defaultID>plugin.video.joyn_app/fetch/id=31:132f4ed23f1c189fde1e6697104a431f/type=StandardLane</defaultID>
		<label>Joyn-Crime</label>
		<label2>Benutzerdefinierte Einträge</label2>
		<icon>DefaultShortcut.png</icon>
		<thumb>image://%2fstorage%2femulated%2f0%2fAndroid%2fdata%2forg.xbmc.kodi%2ffiles%2f.kodi%2faddons%2fplugin.video.joyn_app%2fresources%2ficon.png/</thumb>
		<action>ActivateWindow(Videos,"plugin://plugin.video.joyn_app/fetch/id=410:60acab4cfdf02be022ac03c5b1ea9efa/type=StandardLane",return)</action>
		<disabled>True</disabled>
	</shortcut>
	<shortcut>
		<defaultID>plugin.video.zappntv/category/mediathek/a-z/query=genres=CRIME</defaultID>
		<label>ZappnTV-Crime</label>
		<label2>Video Add-On</label2>
		<icon>DefaultShortcut.png</icon>
		<thumb>image://%2fstorage%2femulated%2f0%2fAndroid%2fdata%2forg.xbmc.kodi%2ffiles%2f.kodi%2faddons%2fplugin.video.zappntv%2fresources%2ficon.png/</thumb>
		<action>ActivateWindow(Videos,"plugin://plugin.video.zappntv/category/mediathek/a-z/query=genres=CRIME",return)</action>
	</shortcut>
	<shortcut>
		<defaultID />
		<label>RTL Now-Crime</label>
		<label2>Video Add-On</label2>
		<icon>DefaultShortcut.png</icon>
		<thumb>image://%2fstorage%2femulated%2f0%2fAndroid%2fdata%2forg.xbmc.kodi%2ffiles%2f.kodi%2faddons%2fplugin.video.rtlnow%2ficon.png/</thumb>
		<action>ActivateWindow(Videos,"plugin://plugin.video.rtlnow/?url=https%3A%2F%2Fapi.tvnow.de%2Fv3%2Fformats%2Fgenre%2Fcrime%3Ffields%3D%2A%26filter%3D%257B%2522station%2522%3A%2522none%2522%257D%26maxPerPage%3D500%26order%3DNameLong%2Basc&amp;mode=is_Serie",return)</action>
	</shortcut>
</shortcuts>
