<shortcuts>
	<shortcut>
		<defaultID />
		<label>TMDBSuche</label>
		<label2>Video-Addon</label2>
		<icon>DefaultShortcut.png</icon>
		<thumb>image://%2fstorage%2femulated%2f0%2fAndroid%2fdata%2forg.xbmc.kodi%2ffiles%2f.kodi%2faddons%2fplugin.video.themoviedb.helper%2f%2fresources%2ficons%2fthemoviedb%2fsearch.png/</thumb>
		<action>ActivateWindow(Videos,"plugin://plugin.video.themoviedb.helper/?info=search&amp;tmdb_id=None&amp;tmdb_type=tv&amp;widget=true&amp;reload=$INFO[Window(Home).Property(TMDbHelper.Widgets.Reload)]&amp;reload=$INFO[Window(Home).Property(TMDbHelper.Widgets.Reload)]",return)</action>
		</shortcut>
	<shortcut>
		<defaultID />
		<label>XSTREAM SUCHE</label>
		<label2>Benutzerdefinierter Eintrag</label2>
		<icon>DefaultShortcut.png</icon>
		<thumb>image://DefaultAddonWebSkin.png/</thumb>
		<action>ActivateWindow(Videos,"plugin://plugin.video.xstream/?site=serienstream_to&amp;function=showSearch&amp;title=Suche&amp;trumb=&amp;trumb=%2Fstorage%2Femulated%2F0%2FAndroid%2Fdata%2Forg.xbmc.kodi%2Ffiles%2F.kodi%2Faddons%2Fplugin.video.xstream%2Fresources%2Fart%2Fsites%2Fserienstream.png&amp;sUrl=http%3A%2F%2F190.115.18.20%2F&amp;sCont=homeContentGenresList",return)</action>
		</shortcut>
	<shortcut>
		<defaultID />
		<label>XSHIP SUCHE</label>
		<label2>Video-Addon</label2>
		<icon>DefaultShortcut.png</icon>
		<thumb>thumb</thumb>
		<action>ActivateWindow(Videos,"plugin://plugin.video.xship/?action=tvshowsSearch",return)</action>
		</shortcut>
	<shortcut>
		<defaultID />
		<label>VAVOO SUCHE</label>
		<label2>Benutzerdefinierter Eintrag</label2>
		<icon>DefaultShortcut.png</icon>
		<thumb>image://%2fstorage%2femulated%2f0%2fAndroid%2fdata%2forg.xbmc.kodi%2ffiles%2f.kodi%2faddons%2fplugin.video.vavooto%2ficon.png/</thumb>
		<action>ActivateWindow(Videos,"plugin://plugin.video.vavooto/?action=search&amp;id=series.popular",return)</action>
		</shortcut>
	<shortcut>
		<defaultID />
		<label>Netflix neueste Serien</label>
		<label2>Video-Addon</label2>
		<icon>DefaultShortcut.png</icon>
		<thumb>thumb</thumb>
		<action>ActivateWindow(Videos,"plugin://plugin.video.themoviedb.helper/?info=discover&amp;tmdb_type=tv&amp;tmdb_id=None&amp;with_id=True&amp;with_separator=AND&amp;sort_by=first_air_date.desc&amp;watch_region=DE&amp;with_watch_providers=8&amp;widget=true&amp;reload=$INFO[Window(Home).Property(TMDbHelper.Widgets.Reload)]&amp;reload=$INFO[Window(Home).Property(TMDbHelper.Widgets.Reload)]",return)</action>
		</shortcut>
	<shortcut>
		<defaultID />
		<label>Amazon neueste Serien</label>
		<label2>Video-Addon</label2>
		<icon>DefaultShortcut.png</icon>
		<thumb>thumb</thumb>
		<action>ActivateWindow(Videos,"plugin://plugin.video.themoviedb.helper/?info=discover&amp;tmdb_type=tv&amp;tmdb_id=None&amp;with_id=True&amp;with_separator=AND&amp;sort_by=first_air_date.desc&amp;watch_region=DE&amp;with_watch_providers=9&amp;widget=true&amp;reload=$INFO[Window(Home).Property(TMDbHelper.Widgets.Reload)]&amp;reload=$INFO[Window(Home).Property(TMDbHelper.Widgets.Reload)]",return)</action>
		</shortcut>
	<shortcut>
		<defaultID />
		<label>Disney Plus</label>
		<label2>Video-Addon</label2>
		<icon>DefaultShortcut.png</icon>
		<thumb>image://https%3a%2f%2fimage.tmdb.org%2ft%2fp%2foriginal%2f7rwgEs15tFwyR9NPQ5vpzxTj19Q.jpg/</thumb>
		<action>ActivateWindow(Videos,"plugin://plugin.video.themoviedb.helper/?info=discover&amp;tmdb_type=tv&amp;with_watch_providers=337&amp;watch_region=DE&amp;with_id=True&amp;widget=true&amp;reload=$INFO[Window(Home).Property(TMDbHelper.Widgets.Reload)]&amp;reload=$INFO[Window(Home).Property(TMDbHelper.Widgets.Reload)]",return)</action>
		</shortcut>
	<shortcut>
		<defaultID />
		<label>Apple TV Plus</label>
		<label2>Video-Addon</label2>
		<icon>DefaultShortcut.png</icon>
		<thumb>image://https%3a%2f%2fimage.tmdb.org%2ft%2fp%2foriginal%2f6uhKBfmtzFqOcLousHwZuzcrScK.jpg/</thumb>
		<action>ActivateWindow(Videos,"plugin://plugin.video.themoviedb.helper/?info=discover&amp;tmdb_type=tv&amp;with_watch_providers=350&amp;watch_region=DE&amp;with_id=True&amp;widget=true&amp;reload=$INFO[Window(Home).Property(TMDbHelper.Widgets.Reload)]&amp;reload=$INFO[Window(Home).Property(TMDbHelper.Widgets.Reload)]",return)</action>
		</shortcut>
	</shortcuts>
