<shortcuts>
	<shortcut>
		<defaultID />
		<label>JOYN TV</label>
		<label2>Video-Addon</label2>
		<icon>DefaultShortcut.png</icon>
		<thumb>special://skin/extras/icons/tv.png</thumb>
		<action>ActivateWindow(Videos,"plugin://plugin.video.joyn/?mode=channels&amp;tv_show_id=&amp;season_id=&amp;video_id=&amp;stream_type=LIVE&amp;channel_id=&amp;channel_path=&amp;block_id=&amp;fav_type=&amp;title=Live+TV&amp;client_data=&amp;compilation_id=&amp;movie_id=&amp;viewtype=",return)</action>
		</shortcut>
	<shortcut>
		<defaultID>plugin.video.waipu.tv/list-channels</defaultID>
		<label>WAIPU TV</label>
		<label2>Video-Addon</label2>
		<icon>DefaultShortcut.png</icon>
		<thumb>special://skin/extras/icons/tv.png</thumb>
		<action>ActivateWindow(Videos,"plugin://plugin.video.waipu.tv/list-channels",return)</action>
		<disabled>True</disabled>
		</shortcut>
	<shortcut>
		<defaultID>plugin.video.vavooto/tv</defaultID>
		<label>VAVOO TV</label>
		<label2>Benutzerdefinierte Einträge</label2>
		<icon>DefaultShortcut.png</icon>
		<thumb>special://skin/extras/icons/tv.png</thumb>
		<action>ActivateWindow(Videos,"plugin://plugin.video.vavooto/?action=channels",return)</action>
		</shortcut>
	<shortcut>
		<defaultID />
		<label>RTL PLUS TV</label>
		<label2>Video-Addon</label2>
		<icon>DefaultShortcut.png</icon>
		<thumb>special://skin/extras/icons/tv.png</thumb>
		<action>ActivateWindow(Videos,"plugin://plugin.video.rtlgroup.de/?mode=listLiveTV",return)</action>
		</shortcut>
	<shortcut>
		<defaultID>plugin.video.zappntv/category/livestream</defaultID>
		<label>ZAPPN TV</label>
		<label2>Video-Addon</label2>
		<icon>DefaultShortcut.png</icon>
		<thumb>special://skin/extras/icons/tv.png</thumb>
		<action>ActivateWindow(Videos,"plugin://plugin.video.zappntv/category/livestream",return)</action>
		</shortcut>
	<shortcut>
		<defaultID>plugin.video.tools/settings/inputstream.adaptive</defaultID>
		<label>inputstream.adaptive-EINSTELLUNGEN</label>
		<label2>Benutzerdefinierter Eintrag</label2>
		<icon>DefaultShortcut.png</icon>
		<thumb>thumb</thumb>
		<action>RunPlugin(plugin://plugin.video.tools/settings/inputstream.adaptive)</action>
		</shortcut>
	<shortcut>
		<defaultID>plugin.video.tools</defaultID>
		<label>Premium update</label>
		<label2>Benutzerdefinierte Einträge</label2>
		<icon>DefaultShortcut.png</icon>
		<thumb>special://skin/extras/icons/refresh.png</thumb>
		<action>RunPlugin("plugin://plugin.video.tools/renew")</action>
		</shortcut>
	</shortcuts>
